mt_aiflo,mt_aitmp,mt_aiden
0,1,2
0,1,2
0,1,2
0,1,2
0,1,2
0,1,2
0,1,2
0,1,2
0,1,2
0,1,2
0,1,2
0,1,2
0,1,2
0,1,2
0,1,2
0,1,2
0,1,2
0,1,2
0,1,2
0,1,2
0,1,2
0,1,2
0,1,2
0,1,2
0,1,2
0,1,2
0,1,2
0,1,2
0,1,2
0,1,2
0,1,2
0,1,2
0,1,2
0,1,2
0,1,2
0,1,2
0,1,2
0,1,2
0,1,2
0,1,2
0,1,2
0,1,2
0,1,2
0,1,2
0,1,2
0,1,2
0,1,2
0,1,2
0,1,2
0,1,2
0,1,2
0,1,2
0,1,2
0,1,2
0,1,2
0,1,2
0,1,2
0,1,2
0,1,2
0,1,2
0,1,2
0,1,2
0,1,2
0,1,2
0,1,2
0,1,2
0,1,2
0,1,2
0,1,2
0,1,2
0,1,2
0,1,2
0,1,2
0,1,2
0,1,2
0,1,2
0,1,2
0,1,2
0,1,2
0,1,2
0,1,2
0,1,2
0,1,2
0,1,2
0,1,2
0,1,2
0,1,2
0,1,2
0,1,2
0,1,2
0,1,2
0,1,2
0,1,2
0,1,2
0,1,2
0,1,2
0,1,2
0,1,2
0,1,2
0,1,2
0,1,2
0,1,2
0,1,2
0,1,2
0,1,2
0,1,2
0,1,2
0,1,2
0,1,2
0,1,2
0,1,2
0,1,2
0,1,2
0,1,2
0,1,2
0,1,2
0,1,2
0,1,2
0,1,2
0,1,2
0,1,2
0,1,2
0,1,2
0,1,2
0,1,2
0,1,2
0,1,2
0,1,2
0,1,2
0,1,2
0,1,2
0,1,2
0,1,2
0,1,2
0,1,2
0,1,2
0,1,2
0,1,2
0,1,2
0,1,2
0,1,2
0,1,2
0,1,2
0,1,2
0,1,2
0,1,2
0,1,2
0,1,2
0,1,2
0,1,2
0,1,2
0,1,2
0,1,2
0,1,2
0,1,2
0,1,2
0,1,2
0,1,2
0,1,2
0,1,2
0,1,2
0,1,2
0,1,2
0,1,2
0,1,2
0,1,2
0,1,2
0,1,2
0,1,2
0,1,2
0,1,2
0,1,2
0,1,2
0,1,2
0,1,2
0,1,2
0,1,2
0,1,2
0,1,2
0,1,2
0,1,2
0,1,2
0,1,2
0,1,2
0,1,2
0,1,2
0,1,2
0,1,2
0,1,2
0,1,2
0,1,2
0,1,2
0,1,2
0,1,2
0,1,2
0,1,2
0,1,2
0,1,2
0,1,2
0,1,2
0,1,2
0,1,2
0,1,2
0,1,2
0,1,2
0,1,2
0,1,2
0,1,2
0,1,2
0,1,2
0,1,2
0,1,2
0,1,2
0,1,2
0,1,2
0,1,2
0,1,2
0,1,2
0,1,2
0,1,2
0,1,2
0,1,2
0,1,2
0,1,2
0,1,2
0,1,2
0,1,2
0,1,2
0,1,2
0,1,2
0,1,2
0,1,2
0,1,2
0,1,2
0,1,2
0,1,2
0,1,2
0,1,2
0,1,2
0,1,2
0,1,2
0,1,2
0,1,2
0,1,2
0,1,2
0,1,2
0,1,2
0,1,2
0,1,2
0,1,2
0,1,2
0,1,2
0,1,2
0,1,2
0,1,2
0,1,2
0,1,2
0,1,2
0,1,2
0,1,2
0,1,2
0,1,2
0,1,2
0,1,2
0,1,2
0,1,2
0,1,2
0,1,2
0,1,2
0,1,2
0,1,2
0,1,2
0,1,2
0,1,2
0,1,2
0,1,2
0,1,2
0,1,2
0,1,2
0,1,2
0,1,2
0,1,2
0,1,2
0,1,2
0,1,2
0,1,2
0,1,2
0,1,2
0,1,2
0,1,2
0,1,2
0,1,2
0,1,2
0,1,2
0,1,2
0,1,2
0,1,2
0,1,2
0,1,2
0,1,2
0,1,2
0,1,2
0,1,2
0,1,2
0,1,2
0,1,2
0,1,2
0,1,2
0,1,2
0,1,2
0,1,2
0,1,2
0,1,2
0,1,2
0,1,2
0,1,2
0,1,2
0,1,2
0,1,2
0,1,2
0,1,2
0,1,2
0,1,2
0,1,2
0,1,2
0,1,2
0,1,2
0,1,2
0,1,2
0,1,2
0,1,2
0,1,2
0,1,2
0,1,2
0,1,2
0,1,2
0,1,2
0,1,2
0,1,2
0,1,2
0,1,2
0,1,2
0,1,2
0,1,2
0,1,2
0,1,2
0,1,2
0,1,2
0,1,2
0,1,2
0,1,2
0,1,2
0,1,2
0,1,2
0,1,2
0,1,2
0,1,2
0,1,2
0,1,2
0,1,2
0,1,2
0,1,2
0,1,2
0,1,2
0,1,2
0,1,2
0,1,2
0,1,2
0,1,2
0,1,2
0,1,2
0,1,2
0,1,2
0,1,2
0,1,2
0,1,2
0,1,2
0,1,2
0,1,2
0,1,2
0,1,2
0,1,2
0,1,2
0,1,2
0,1,2
0,1,2
0,1,2
0,1,2
0,1,2
0,1,2
0,1,2
0,1,2
0,1,2
0,1,2
0,1,2
0,1,2
0,1,2
0,1,2
0,1,2
0,1,2
0,1,2
0,1,2
0,1,2
0,1,2
0,1,2
0,1,2
0,1,2
0,1,2
0,1,2
0,1,2
0,1,2
0,1,2
0,1,2
0,1,2
0,1,2
0,1,2
0,1,2
0,1,2
0,1,2
0,1,2
0,1,2
0,1,2
0,1,2
0,1,2
0,1,2
0,1,2
0,1,2
0,1,2
0,1,2
0,1,2
0,1,2
0,1,2
0,1,2
0,1,2
0,1,2
0,1,2
0,1,2
0,1,2
0,1,2
0,1,2
0,1,2
0,1,2
0,1,2
0,1,2
0,1,2
0,1,2
0,1,2
0,1,2
0,1,2
0,1,2
0,1,2
0,1,2
0,1,2
0,1,2
0,1,2
0,1,2
0,1,2
0,1,2
0,1,2
0,1,2
0,1,2
0,1,2
0,1,2
0,1,2
0,1,2
0,1,2
0,1,2
0,1,2
0,1,2
0,1,2
0,1,2
0,1,2
0,1,2
0,1,2
0,1,2
0,1,2
0,1,2
0,1,2
0,1,2
0,1,2
0,1,2
0,1,2
0,1,2
0,1,2
0,1,2
0,1,2
0,1,2
0,1,2
0,1,2
0,1,2
0,1,2
0,1,2
0,1,2
0,1,2
0,1,2
0,1,2
0,1,2
0,1,2
0,1,2
0,1,2
0,1,2
0,1,2
0,1,2
0,1,2
0,1,2
0,1,2
0,1,2
0,1,2
0,1,2
0,1,2
0,1,2
0,1,2
0,1,2
0,1,2
0,1,2
0,1,2
0,1,2
0,1,2
0,1,2
0,1,2
0,1,2
0,1,2
0,1,2
0,1,2
0,1,2
0,1,2
0,1,2
0,1,2
0,1,2
0,1,2
0,1,2
0,1,2
0,1,2
0,1,2
0,1,2
0,1,2
0,1,2
0,1,2
0,1,2
0,1,2
0,1,2
0,1,2
0,1,2
0,1,2
0,1,2
0,1,2
0,1,2
0,1,2
0,1,2
0,1,2
0,1,2
0,1,2
0,1,2
0,1,2
0,1,2
0,1,2
0,1,2
0,1,2
0,1,2
0,1,2
0,1,2
0,1,2
0,1,2
0,1,2
0,1,2
0,1,2
0,1,2
0,1,2
0,1,2
0,1,2
0,1,2
0,1,2
0,1,2
0,1,2
0,1,2
0,1,2
0,1,2
0,1,2
0,1,2
0,1,2
0,1,2
0,1,2
0,1,2
0,1,2
0,1,2
0,1,2
0,1,2
0,1,2
0,1,2
0,1,2
0,1,2
0,1,2
0,1,2
0,1,2
0,1,2
0,1,2
0,1,2
0,1,2
0,1,2
0,1,2
0,1,2
0,1,2
0,1,2
0,1,2
0,1,2
0,1,2
0,1,2
0,1,2
0,1,2
0,1,2
0,1,2
0,1,2
0,1,2
0,1,2
0,1,2
0,1,2
0,1,2
0,1,2
0,1,2
0,1,2
0,1,2
0,1,2
0,1,2
0,1,2
0,1,2
0,1,2
0,1,2
0,1,2
0,1,2
0,1,2
0,1,2
0,1,2
0,1,2
0,1,2
0,1,2
0,1,2
0,1,2
0,1,2
0,1,2
0,1,2
0,1,2
0,1,2
0,1,2
0,1,2
0,1,2
0,1,2
0,1,2
0,1,2
0,1,2
0,1,2
0,1,2
0,1,2
0,1,2
0,1,2
0,1,2
0,1,2
0,1,2
0,1,2
0,1,2
0,1,2
0,1,2
0,1,2
0,1,2
0,1,2
0,1,2
0,1,2
0,1,2
0,1,2
0,1,2
0,1,2
0,1,2
0,1,2
0,1,2
0,1,2
0,1,2
0,1,2
0,1,2
0,1,2
0,1,2
0,1,2
0,1,2
0,1,2
0,1,2
0,1,2
0,1,2
0,1,2
0,1,2
0,1,2
0,1,2
0,1,2
0,1,2
0,1,2
0,1,2
0,1,2
0,1,2
0,1,2
0,1,2
0,1,2
0,1,2
0,1,2
0,1,2
0,1,2
0,1,2
0,1,2
0,1,2
0,1,2
0,1,2
0,1,2
0,1,2
0,1,2
0,1,2
0,1,2
0,1,2
0,1,2
0,1,2
0,1,2
0,1,2
0,1,2
0,1,2
0,1,2
0,1,2
0,1,2
0,1,2
0,1,2
0,1,2
0,1,2
0,1,2
0,1,2
0,1,2
0,1,2
0,1,2
0,1,2
0,1,2
0,1,2
0,1,2
0,1,2
0,1,2
0,1,2
0,1,2
0,1,2
0,1,2
0,1,2
0,1,2
0,1,2
0,1,2
0,1,2
0,1,2
0,1,2
0,1,2
0,1,2
0,1,2
0,1,2
0,1,2
0,1,2
0,1,2
0,1,2
0,1,2
0,1,2
0,1,2
0,1,2
0,1,2
0,1,2
0,1,2
0,1,2
0,1,2
0,1,2
0,1,2
0,1,2
0,1,2
0,1,2
0,1,2
0,1,2
0,1,2
0,1,2
0,1,2
0,1,2
0,1,2
0,1,2
0,1,2
0,1,2
0,1,2
0,1,2
0,1,2
0,1,2
0,1,2
0,1,2
0,1,2
0,1,2
0,1,2
0,1,2
0,1,2
0,1,2
0,1,2
0,1,2
0,1,2
0,1,2
0,1,2
0,1,2
0,1,2
0,1,2
0,1,2
0,1,2
0,1,2
0,1,2
0,1,2
0,1,2
0,1,2
0,1,2
0,1,2
0,1,2
0,1,2
0,1,2
0,1,2
0,1,2
0,1,2
0,1,2
0,1,2
0,1,2
0,1,2
0,1,2
0,1,2
0,1,2
0,1,2
0,1,2
0,1,2
0,1,2
0,1,2
0,1,2
0,1,2
0,1,2
0,1,2
0,1,2
0,1,2
0,1,2
0,1,2
0,1,2
0,1,2
0,1,2
0,1,2
0,1,2
0,1,2
0,1,2
0,1,2
0,1,2
0,1,2
0,1,2
0,1,2
0,1,2
0,1,2
0,1,2
0,1,2
0,1,2
0,1,2
0,1,2
0,1,2
0,1,2
0,1,2
0,1,2
0,1,2
0,1,2
0,1,2
0,1,2
0,1,2
0,1,2
0,1,2
0,1,2
0,1,2
0,1,2
0,1,2
0,1,2
0,1,2
0,1,2
0,1,2
0,1,2
0,1,2
0,1,2
0,1,2
0,1,2
0,1,2
0,1,2
0,1,2
0,1,2
0,1,2
0,1,2
0,1,2
0,1,2
0,1,2
0,1,2
0,1,2
0,1,2
0,1,2
0,1,2
0,1,2
0,1,2
0,1,2
0,1,2
0,1,2
0,1,2
0,1,2
0,1,2
0,1,2
0,1,2
0,1,2
0,1,2
0,1,2
0,1,2
0,1,2
0,1,2
0,1,2
0,1,2
0,1,2
0,1,2
0,1,2
0,1,2
0,1,2
0,1,2
0,1,2
0,1,2
0,1,2
0,1,2
0,1,2
0,1,2
0,1,2
0,1,2
0,1,2
0,1,2
0,1,2
0,1,2
0,1,2
0,1,2
0,1,2
0,1,2
0,1,2
0,1,2
0,1,2
0,1,2
0,1,2
0,1,2
0,1,2
0,1,2
0,1,2
0,1,2
0,1,2
0,1,2
0,1,2
0,1,2
0,1,2
0,1,2
0,1,2
0,1,2
0,1,2
0,1,2
0,1,2
0,1,2
0,1,2
0,1,2
0,1,2
0,1,2
0,1,2
0,1,2
0,1,2
0,1,2
0,1,2
0,1,2
0,1,2
0,1,2
0,1,2
0,1,2
0,1,2
0,1,2
0,1,2
0,1,2
0,1,2
0,1,2
0,1,2
0,1,2
0,1,2
0,1,2
0,1,2
0,1,2
0,1,2
0,1,2
0,1,2
0,1,2
0,1,2
0,1,2
0,1,2
0,1,2
0,1,2
0,1,2
0,1,2
0,1,2
0,1,2
0,1,2
0,1,2
0,1,2
0,1,2
0,1,2
0,1,2
0,1,2
